"Timestamp","Name"
"2023/01/27 5:11:31 PM GMT+8","ANG JIA JUN"
"2023/01/27 5:12:42 PM GMT+8","CHIM JUN XI LEROY GABRIEL"
"2023/01/27 5:13:00 PM GMT+8","DHANI ARJUNA PUTRA BIN SHAZALI"
"2023/01/27 5:13:09 PM GMT+8","HUAN JIAX CHOU"
"2023/01/27 5:13:27 PM GMT+8","JASON PHUA KAI XIANG"
"2023/01/27 5:13:35 PM GMT+8","KALLANAYAKANAHALLI KANISHK PRABHAKAR"
"2023/01/27 5:13:43 PM GMT+8","LI HAOYANG"
"2023/01/27 5:13:50 PM GMT+8","MAHAESWAR S/O RAJENDRA PRASAD"
"2023/01/27 5:13:58 PM GMT+8","MOWER PRISCILLA LE XUAN"
"2023/01/27 5:14:05 PM GMT+8","PANG ZI JIAN"
"2023/01/27 5:14:13 PM GMT+8","SOH WEI QUAN ROYDON"
"2023/01/27 5:14:20 PM GMT+8","TAN KE MING"
"2023/01/27 5:14:26 PM GMT+8","TEO YONG JIE ASHER"
"2023/01/27 5:14:37 PM GMT+8","VINAYA SENTHILKUMAR"
"2023/01/27 5:14:43 PM GMT+8","WANG RUI ZHE EDDRICK"
"2023/01/27 5:14:50 PM GMT+8","YONG KAH HAO MARCUS"
"2023/01/27 5:14:58 PM GMT+8","YUSUF RAMI NAZZAL"
"2023/01/27 5:15:05 PM GMT+8","ZAW YE YINT"