"Timestamp","Name"
"2023/01/27 5:05:03 PM GMT+8","ANG JIA JUN"
"2023/01/27 5:05:12 PM GMT+8","CHIM JUN XI LEROY GABRIEL"
"2023/01/27 5:05:23 PM GMT+8","DHANI ARJUNA PUTRA BIN SHAZALI"
"2023/01/27 5:05:32 PM GMT+8","HUAN JIAX CHOU"
"2023/01/27 5:05:42 PM GMT+8"," JOHNSON NG CHONG SHENG"
"2023/01/27 5:05:53 PM GMT+8","KALLANAYAKANAHALLI KANISHK PRABHAKAR"
"2023/01/27 5:06:05 PM GMT+8","MAHAESWAR S/O RAJENDRA PRASAD"
"2023/01/27 5:06:14 PM GMT+8","MOWER PRISCILLA LE XUAN"
"2023/01/27 5:06:22 PM GMT+8","MUHAMMAD ILHAM GONZAGA"
"2023/01/27 5:06:31 PM GMT+8","SOH WEI QUAN ROYDON"
"2023/01/27 5:06:40 PM GMT+8","TAN KE MING"
"2023/01/27 5:06:47 PM GMT+8","VINAYA SENTHILKUMAR"
"2023/01/27 5:06:58 PM GMT+8","WANG RUI ZHE EDDRICK"
"2023/01/27 5:07:05 PM GMT+8","YONG KAH HAO MARCUS"
"2023/01/27 5:07:16 PM GMT+8","ZAW YE YINT"
"2023/01/27 5:07:23 PM GMT+8","ZHANG RAN"