"Timestamp","Name"
"2023/01/27 5:18:54 PM GMT+8","CHIM JUN XI LEROY GABRIEL"
"2023/01/27 5:19:01 PM GMT+8","DHANI ARJUNA PUTRA BIN SHAZALI"
"2023/01/27 5:19:07 PM GMT+8","HUAN JIAX CHOU"
"2023/01/27 5:19:12 PM GMT+8","JASON PHUA KAI XIANG"
"2023/01/27 5:19:18 PM GMT+8","JOHNSON NG CHONG SHENG"
"2023/01/27 5:19:28 PM GMT+8","KALLANAYAKANAHALLI KANISHK PRABHAKAR"
"2023/01/27 5:19:36 PM GMT+8","LI HAOYANG"
"2023/01/27 5:19:44 PM GMT+8","MAHAESWAR S/O RAJENDRA PRASAD"
"2023/01/27 5:19:51 PM GMT+8","MOWER PRISCILLA LE XUAN"
"2023/01/27 5:20:01 PM GMT+8","MUHAMMAD ILHAM GONZAGA"
"2023/01/27 5:20:18 PM GMT+8","PANG ZI JIAN"
"2023/01/27 5:20:24 PM GMT+8","TAN KE MING"
"2023/01/27 5:20:31 PM GMT+8","TEO YONG JIE ASHER"
"2023/01/27 5:20:37 PM GMT+8","VINAYA SENTHILKUMAR"
"2023/01/27 5:20:43 PM GMT+8","WANG PENGYU"
"2023/01/27 5:20:49 PM GMT+8","YONG KAH HAO MARCUS"
"2023/01/27 5:20:56 PM GMT+8","YUSUF RAMI NAZZAL"
"2023/01/27 5:21:03 PM GMT+8","ZAW YE YINT"
"2023/01/27 5:21:11 PM GMT+8","ZHANG RAN"